s,name
http://kg_sdm.org/Person/Abaimov_S_,Abaimov S.
http://kg_sdm.org/Person/Abliz_D_,Abliz D.
http://kg_sdm.org/Person/Ackerman_W_,Ackerman W.
http://kg_sdm.org/Person/Adams_B_R_,Adams B.R.
http://kg_sdm.org/Person/Adams_D_W_,Adams D.W.
http://kg_sdm.org/Person/Adams_J_A_,Adams J.A.
http://kg_sdm.org/Person/Adams_M_R_,Adams M.R.
http://kg_sdm.org/Person/Adamson_M_,Adamson M.
http://kg_sdm.org/Person/Adidharma_H_,Adidharma H.
http://kg_sdm.org/Person/Advani_S_G_,Advani S.G.
http://kg_sdm.org/Person/Afran_M_S_,Afran M.S.
http://kg_sdm.org/Person/Aghito_M_,Aghito M.
http://kg_sdm.org/Person/Ahrens_J_,Ahrens J.
http://kg_sdm.org/Person/Akagi_J_,Akagi J.
http://kg_sdm.org/Person/Akhatov_I_,Akhatov I.
http://kg_sdm.org/Person/Aktas_A_,Aktas A.
http://kg_sdm.org/Person/Alder_C_K_,Alder C.K.
http://kg_sdm.org/Person/Aldous_P_,Aldous P.
http://kg_sdm.org/Person/Alejandro_A_,Alejandro A.
http://kg_sdm.org/Person/Ali_M_A_,Ali M.A.
http://kg_sdm.org/Person/Allen_B_C_,Allen B.C.
http://kg_sdm.org/Person/Allen_D_,Allen D.
http://kg_sdm.org/Person/Allen_G_N_,Allen G.N.
http://kg_sdm.org/Person/Allen_J_D_,Allen J.D.
http://kg_sdm.org/Person/Allen_J_T_,Allen J.T.
http://kg_sdm.org/Person/Allen_M_,Allen M.
http://kg_sdm.org/Person/Allen_Q_S_,Allen Q.S.
http://kg_sdm.org/Person/Allen_T_D_,Allen T.D.
http://kg_sdm.org/Person/Allred_D_D_,Allred D.D.
http://kg_sdm.org/Person/Alvarez_E_J_,Alvarez E.J.
http://kg_sdm.org/Person/Ames_D_C_,Ames D.C.
http://kg_sdm.org/Person/Amin_M_N_,Amin M.N.
http://kg_sdm.org/Person/Amini_E_,Amini E.
http://kg_sdm.org/Person/Anagnostou_E_,Anagnostou E.
http://kg_sdm.org/Person/Andersen_J_,Andersen J.
http://kg_sdm.org/Person/Anderson_B_E_,Anderson B.E.
http://kg_sdm.org/Person/Anderson_C_R_,Anderson C.R.
http://kg_sdm.org/Person/Anderson_J_,Anderson J.
http://kg_sdm.org/Person/Anderson_R_,Anderson R.
http://kg_sdm.org/Person/Andersson_K_,Andersson K.
http://kg_sdm.org/Person/Andrews_D_W_,Andrews D.W.
http://kg_sdm.org/Person/André_F_,André F.
http://kg_sdm.org/Person/Arabian_F_,Arabian F.
http://kg_sdm.org/Person/Arango_A_,Arango A.
http://kg_sdm.org/Person/Arce_S_,Arce S.
http://kg_sdm.org/Person/Argyle_M_,Argyle M.
http://kg_sdm.org/Person/Armknecht_J_,Armknecht J.
http://kg_sdm.org/Person/Armstrong_A_G_,Armstrong A.G.
http://kg_sdm.org/Person/Arnold_B_T_,Arnold B.T.
http://kg_sdm.org/Person/Arshad_S_,Arshad S.
http://kg_sdm.org/Person/Arya_M_,Arya M.
http://kg_sdm.org/Person/Aryal_B_R_,Aryal B.R.
http://kg_sdm.org/Person/Ashcraft_C_C_,Ashcraft C.C.
http://kg_sdm.org/Person/Asimaki_D_,Asimaki D.
http://kg_sdm.org/Person/Aslani_P_,Aslani P.
http://kg_sdm.org/Person/Atkinson_N_,Atkinson N.
http://kg_sdm.org/Person/Austin_D_E_,Austin D.E.
http://kg_sdm.org/Person/Averett_T_,Averett T.
http://kg_sdm.org/Person/Avila_A_,Avila A.
http://kg_sdm.org/Person/Avval_T_G_,Avval T.G.
http://kg_sdm.org/Person/Awerkamp_P_,Awerkamp P.
http://kg_sdm.org/Person/Babaei_A_,Babaei A.
http://kg_sdm.org/Person/Badger_J_C_,Badger J.C.
http://kg_sdm.org/Person/Badger_P_,Badger P.
http://kg_sdm.org/Person/Bahari_M_,Bahari M.
http://kg_sdm.org/Person/Bai_R_,Bai R.
http://kg_sdm.org/Person/Bair_J_,Bair J.
http://kg_sdm.org/Person/Baird_S_,Baird S.
http://kg_sdm.org/Person/Baker_M_J_,Baker M.J.
http://kg_sdm.org/Person/Baker_W_H_,Baker W.H.
http://kg_sdm.org/Person/Banesh_D_,Banesh D.
http://kg_sdm.org/Person/Baradoy_D_,Baradoy D.
http://kg_sdm.org/Person/Barber_J_L_,Barber J.L.
http://kg_sdm.org/Person/Barker_B_,Barker B.
http://kg_sdm.org/Person/Barrett_B_J_,Barrett B.J.
http://kg_sdm.org/Person/Barrett_L_K_,Barrett L.K.
http://kg_sdm.org/Person/Barter_M_,Barter M.
http://kg_sdm.org/Person/Barton_T_J_,Barton T.J.
http://kg_sdm.org/Person/Bartschi_J_M_,Bartschi J.M.
http://kg_sdm.org/Person/Baskaran_R_,Baskaran R.
http://kg_sdm.org/Person/Basko_R_,Basko R.
http://kg_sdm.org/Person/Bateman_T_C_,Bateman T.C.
http://kg_sdm.org/Person/Bates_C_O_,Bates C.O.
http://kg_sdm.org/Person/Bathe_M_,Bathe M.
http://kg_sdm.org/Person/Baumgarten_T_E_,Baumgarten T.E.
http://kg_sdm.org/Person/Baxter_J_S_,Baxter J.S.
http://kg_sdm.org/Person/Baxter_L_L_,Baxter L.L.
http://kg_sdm.org/Person/Beard_J_D_,Beard J.D.
http://kg_sdm.org/Person/Beard_R_W_,Beard R.W.
http://kg_sdm.org/Person/Beauchamp_M_J_,Beauchamp M.J.
http://kg_sdm.org/Person/Bekker_B_,Bekker B.
http://kg_sdm.org/Person/Belden_J_,Belden J.
http://kg_sdm.org/Person/Bencivenga_F_,Bencivenga F.
http://kg_sdm.org/Person/Benson_D_,Benson D.
http://kg_sdm.org/Person/Bentley_N_L_,Bentley N.L.
http://kg_sdm.org/Person/Berg_D_C_,Berg D.C.
http://kg_sdm.org/Person/Berselli_G_,Berselli G.
http://kg_sdm.org/Person/Best_C_M_,Best C.M.
http://kg_sdm.org/Person/Beutler_J_,Beutler J.
http://kg_sdm.org/Person/Beyerlein_I_J_,Beyerlein I.J.
http://kg_sdm.org/Person/Beyzaei_C_,Beyzaei C.
http://kg_sdm.org/Person/Bhat_S_K_,Bhat S.K.
http://kg_sdm.org/Person/Bickerton_S_,Bickerton S.
http://kg_sdm.org/Person/Bickham_B_P_,Bickham B.P.
http://kg_sdm.org/Person/Bidstrup_C_C_,Bidstrup C.C.
http://kg_sdm.org/Person/Bilancia_P_,Bilancia P.
http://kg_sdm.org/Person/Billings_W_M_,Billings W.M.
http://kg_sdm.org/Person/Bilodeau_R_A_,Bilodeau R.A.
http://kg_sdm.org/Person/Bingham_E_,Bingham E.
http://kg_sdm.org/Person/Bird_E_,Bird E.
http://kg_sdm.org/Person/Bischoff_M_,Bischoff M.
http://kg_sdm.org/Person/Biswas_A_,Biswas A.
http://kg_sdm.org/Person/Biwer_C_M_,Biwer C.M.
http://kg_sdm.org/Person/Bjørkevoll_K_,Bjørkevoll K.
http://kg_sdm.org/Person/Blackburn_L_,Blackburn L.
http://kg_sdm.org/Person/Blotter_J_D_,Blotter J.D.
http://kg_sdm.org/Person/Boardman_B_,Boardman B.
http://kg_sdm.org/Person/Boaventura_Cunha_J_,Boaventura-Cunha J.
http://kg_sdm.org/Person/Bodaghi_M_,Bodaghi M.
http://kg_sdm.org/Person/Bodily_D_M_,Bodily D.M.
http://kg_sdm.org/Person/Bodily_P_M_,Bodily P.M.
http://kg_sdm.org/Person/Bodily_R_,Bodily R.
http://kg_sdm.org/Person/Boekweg_E_,Boekweg E.
http://kg_sdm.org/Person/Bohman_M_,Bohman M.
http://kg_sdm.org/Person/Bohn_R_E_,Bohn R.E.
http://kg_sdm.org/Person/Bolme_C_,Bolme C.
http://kg_sdm.org/Person/Bong_H_J_,Bong H.J.
http://kg_sdm.org/Person/Bonner_N_,Bonner N.
http://kg_sdm.org/Person/Bopp_D_G_,Bopp D.G.
http://kg_sdm.org/Person/Borden_M_J_,Borden M.J.
http://kg_sdm.org/Person/Boster_K_,Boster K.
http://kg_sdm.org/Person/Bowden_A_E_,Bowden A.E.
http://kg_sdm.org/Person/Bowlan_P_,Bowlan P.
http://kg_sdm.org/Person/Bowman_K_E_,Bowman K.E.
http://kg_sdm.org/Person/Boyce_P_,Boyce P.
http://kg_sdm.org/Person/Boyd_Graber_J_,Boyd-Graber J.
http://kg_sdm.org/Person/Bradley_M_W_,Bradley M.W.
http://kg_sdm.org/Person/Bresciano_K_A_,Bresciano K.A.
http://kg_sdm.org/Person/Brewer_E_,Brewer E.
http://kg_sdm.org/Person/Briceño_X_,Briceño X.
http://kg_sdm.org/Person/Brink_K_M_,Brink K.M.
http://kg_sdm.org/Person/Briscoe_T_,Briscoe T.
http://kg_sdm.org/Person/Broderick_G_,Broderick G.
http://kg_sdm.org/Person/Brodie_M_,Brodie M.
http://kg_sdm.org/Person/Brodzik_M_J_,Brodzik M.J.
http://kg_sdm.org/Person/Bronson_P_G_,Bronson P.G.
http://kg_sdm.org/Person/Broomfield_J_,Broomfield J.
http://kg_sdm.org/Person/Brown_D_M_,Brown D.M.
http://kg_sdm.org/Person/Brown_N_,Brown N.
http://kg_sdm.org/Person/Brown_N_P_,Brown N.P.
http://kg_sdm.org/Person/Brown_O_,Brown O.
http://kg_sdm.org/Person/Brown_T_,Brown T.
http://kg_sdm.org/Person/Brownlee_B_J_,Brownlee B.J.
http://kg_sdm.org/Person/Broyles_Z_,Broyles Z.
http://kg_sdm.org/Person/Bruening_D_,Bruening D.
http://kg_sdm.org/Person/Brunhaver_J_,Brunhaver J.
http://kg_sdm.org/Person/Bryan_C_R_,Bryan C.R.
http://kg_sdm.org/Person/Bucki_R_,Bucki R.
http://kg_sdm.org/Person/Bull_D_J_,Bull D.J.
http://kg_sdm.org/Person/Bundy_B_C_,Bundy B.C.
http://kg_sdm.org/Person/Bunimovich_L_,Bunimovich L.
http://kg_sdm.org/Person/Bunker_D_,Bunker D.
http://kg_sdm.org/Person/Bunnell_S_,Bunnell S.
http://kg_sdm.org/Person/Burnett_M_,Burnett M.
http://kg_sdm.org/Person/Burrow_D_,Burrow D.
http://kg_sdm.org/Person/Bush_D_B_,Bush D.B.
http://kg_sdm.org/Person/Bustamante_D_,Bustamante D.
http://kg_sdm.org/Person/Butail_S_,Butail S.
http://kg_sdm.org/Person/Butler_J_J_,Butler J.J.
http://kg_sdm.org/Person/Bécar_N_A_,Bécar N.A.
http://kg_sdm.org/Person/Cabas_A_,Cabas A.
http://kg_sdm.org/Person/Caglar_B_,Caglar B.
http://kg_sdm.org/Person/Caglar_H_,Caglar H.
http://kg_sdm.org/Person/Calderon_J_R_,Calderon J.R.
http://kg_sdm.org/Person/Callahan_C_,Callahan C.
http://kg_sdm.org/Person/Calton_M_F_,Calton M.F.
http://kg_sdm.org/Person/Calve_S_,Calve S.
http://kg_sdm.org/Person/Calvin_J_J_,Calvin J.J.
http://kg_sdm.org/Person/Calvopiña_D_G_,Calvopiña D.G.
http://kg_sdm.org/Person/Camacho_J_S_,Camacho J.S.
http://kg_sdm.org/Person/Camacho_R_,Camacho R.
http://kg_sdm.org/Person/Camacho_R_M_,Camacho R.M.
http://kg_sdm.org/Person/Cameron_J_,Cameron J.
http://kg_sdm.org/Person/Campbell_B_D_,Campbell B.D.
http://kg_sdm.org/Person/Campbell_B_J_,Campbell B.J.
http://kg_sdm.org/Person/Campbell_K_S_,Campbell K.S.
http://kg_sdm.org/Person/Candia_G_,Candia G.
http://kg_sdm.org/Person/Canizales_K_A_,Canizales K.A.
http://kg_sdm.org/Person/Cannon_M_J_,Cannon M.J.
http://kg_sdm.org/Person/Cannon_S_,Cannon S.
http://kg_sdm.org/Person/Cao_J_,Cao J.
http://kg_sdm.org/Person/Cao_Q_,Cao Q.
http://kg_sdm.org/Person/Capotondi_F_,Capotondi F.
http://kg_sdm.org/Person/Cardall_H_,Cardall H.
http://kg_sdm.org/Person/Carlson_B_,Carlson B.
http://kg_sdm.org/Person/Carlson_S_,Carlson S.
http://kg_sdm.org/Person/Carreira_M_,Carreira M.
http://kg_sdm.org/Person/Carrion_R_,Carrion R.
http://kg_sdm.org/Person/Carroll_J_D_,Carroll J.D.
http://kg_sdm.org/Person/Carter_V_,Carter V.
http://kg_sdm.org/Person/Carver_V_,Carver V.
http://kg_sdm.org/Person/Casbeer_D_W_,Casbeer D.W.
http://kg_sdm.org/Person/Cattaneo_A_,Cattaneo A.
http://kg_sdm.org/Person/Cayeux_E_,Cayeux E.
http://kg_sdm.org/Person/Cazzaniga_C_,Cazzaniga C.
http://kg_sdm.org/Person/Chahal_J_S_,Chahal J.S.
http://kg_sdm.org/Person/Chamberlin_R_,Chamberlin R.
http://kg_sdm.org/Person/Chambers_C_,Chambers C.
http://kg_sdm.org/Person/Chang_J_S_,Chang J.S.
http://kg_sdm.org/Person/Chang_M__C_F_,Chang M.-C.F.
http://kg_sdm.org/Person/Chapman_S_C_,Chapman S.C.
http://kg_sdm.org/Person/Charles_S_K_,Charles S.K.
http://kg_sdm.org/Person/Chartrand_N_,Chartrand N.
http://kg_sdm.org/Person/Chatterjee_S_,Chatterjee S.
http://kg_sdm.org/Person/Chau_V_,Chau V.
http://kg_sdm.org/Person/Chelladurai_I_,Chelladurai I.
http://kg_sdm.org/Person/Chen_C__H_,Chen C.-H.
http://kg_sdm.org/Person/Chen_G_,Chen G.
http://kg_sdm.org/Person/Chen_J_,Chen J.
http://kg_sdm.org/Person/Chen_K_,Chen K.
http://kg_sdm.org/Person/Chen_L_,Chen L.
http://kg_sdm.org/Person/Chen_X_,Chen X.
http://kg_sdm.org/Person/Chen_Y__F_,Chen Y.-F.
http://kg_sdm.org/Person/Cheney_T_,Cheney T.
http://kg_sdm.org/Person/Cheng_L_,Cheng L.
http://kg_sdm.org/Person/Cheung_K__M_,Cheung K.-M.
http://kg_sdm.org/Person/Chiang_S__H_W_,Chiang S.-H.W.
http://kg_sdm.org/Person/Childs_B_R_,Childs B.R.
http://kg_sdm.org/Person/Childs_C_,Childs C.
http://kg_sdm.org/Person/Chiminelli_A_,Chiminelli A.
http://kg_sdm.org/Person/Chou_Y_,Chou Y.
http://kg_sdm.org/Person/Chowdhury_S_,Chowdhury S.
http://kg_sdm.org/Person/Chrisey_L_A_,Chrisey L.A.
http://kg_sdm.org/Person/Christensen_C_,Christensen C.
http://kg_sdm.org/Person/Christensen_J_E_,Christensen J.E.
http://kg_sdm.org/Person/Christensen_K_A_,Christensen K.A.
http://kg_sdm.org/Person/Christie_S_,Christie S.
http://kg_sdm.org/Person/Christofferson_J_P_,Christofferson J.P.
http://kg_sdm.org/Person/Chu_H_,Chu H.
http://kg_sdm.org/Person/Chung_W__S_,Chung W.-S.
http://kg_sdm.org/Person/Clark_B_,Clark B.
http://kg_sdm.org/Person/Clark_R_,Clark R.
http://kg_sdm.org/Person/Clavijo_C_E_,Clavijo C.E.
http://kg_sdm.org/Person/Clayburn_Z_,Clayburn Z.
http://kg_sdm.org/Person/Clayton_M_F_,Clayton M.F.
http://kg_sdm.org/Person/Clement_M_J_,Clement M.J.
http://kg_sdm.org/Person/Clinton_R_,Clinton R.
http://kg_sdm.org/Person/Cluff_S_,Cluff S.
http://kg_sdm.org/Person/Coburn_J_,Coburn J.
http://kg_sdm.org/Person/Cockrell_J_,Cockrell J.
http://kg_sdm.org/Person/Coleman_S_,Coleman S.
http://kg_sdm.org/Person/Collett_T_,Collett T.
http://kg_sdm.org/Person/Collins_D_H_,Collins D.H.
http://kg_sdm.org/Person/Collins_N_S_,Collins N.S.
http://kg_sdm.org/Person/Colton_J_S_,Colton J.S.
http://kg_sdm.org/Person/Comer_D_J_,Comer D.J.
http://kg_sdm.org/Person/Conci_N_,Conci N.
http://kg_sdm.org/Person/Cook_A_D_,Cook A.D.
http://kg_sdm.org/Person/Cook_D_D_,Cook D.D.
http://kg_sdm.org/Person/Copeland_C_G_,Copeland C.G.
http://kg_sdm.org/Person/Copley_D_C_,Copley D.C.
http://kg_sdm.org/Person/Corie_T_H_,Corie T.H.
http://kg_sdm.org/Person/Correia_N_,Correia N.
http://kg_sdm.org/Person/Cosson_B_,Cosson B.
http://kg_sdm.org/Person/Coughlin_D_R_,Coughlin D.R.
http://kg_sdm.org/Person/Cowger_A_E_,Cowger A.E.
http://kg_sdm.org/Person/Cowley_A_,Cowley A.
http://kg_sdm.org/Person/Cox_J_J_,Cox J.J.
http://kg_sdm.org/Person/Craddock_T_J_A_,Craddock T.J.A.
http://kg_sdm.org/Person/Craighead_H_G_,Craighead H.G.
http://kg_sdm.org/Person/Crampton_E_,Crampton E.
http://kg_sdm.org/Person/Crandall_J_W_,Crandall J.W.
http://kg_sdm.org/Person/Crane_N_B_,Crane N.B.
http://kg_sdm.org/Person/Crockett_J_,Crockett J.
http://kg_sdm.org/Person/Csányi_G_,Csányi G.
http://kg_sdm.org/Person/Cuesta_I_,Cuesta I.
http://kg_sdm.org/Person/Cunningham_A_,Cunningham A.
http://kg_sdm.org/Person/Curtarolo_S_,Curtarolo S.
http://kg_sdm.org/Person/Custer_C_H_,Custer C.H.
http://kg_sdm.org/Person/Dahlin_E_C_,Dahlin E.C.
http://kg_sdm.org/Person/Daily_K_,Daily K.
http://kg_sdm.org/Person/Danailov_M_,Danailov M.
http://kg_sdm.org/Person/Daniluk_T_,Daniluk T.
http://kg_sdm.org/Person/Dankers_A_,Dankers A.
http://kg_sdm.org/Person/Danzi_M_,Danzi M.
http://kg_sdm.org/Person/Das_S_K_,Das S.K.
http://kg_sdm.org/Person/Dasmeh_A_,Dasmeh A.
http://kg_sdm.org/Person/Davis_A_,Davis A.
http://kg_sdm.org/Person/Davis_B_R_,Davis B.R.
http://kg_sdm.org/Person/Davis_H_C_,Davis H.C.
http://kg_sdm.org/Person/Davis_R_C_,Davis R.C.
http://kg_sdm.org/Person/Day_N_,Day N.
http://kg_sdm.org/Person/Day_R_D_,Day R.D.
http://kg_sdm.org/Person/DeMott_R_,DeMott R.
http://kg_sdm.org/Person/DeYoung_J_,DeYoung J.
http://kg_sdm.org/Person/Dean_D_L_,Dean D.L.
http://kg_sdm.org/Person/Dearden_J_,Dearden J.
http://kg_sdm.org/Person/Defigueiredo_B_P_,Defigueiredo B.P.
http://kg_sdm.org/Person/Deléglise_Lagardère_M_,Deléglise-Lagardère M.
http://kg_sdm.org/Person/Derricott_J_,Derricott J.
http://kg_sdm.org/Person/Desai_A_,Desai A.
http://kg_sdm.org/Person/Diao_J_,Diao J.
http://kg_sdm.org/Person/Dickinson_L_,Dickinson L.
http://kg_sdm.org/Person/Dickinson_T_,Dickinson T.
http://kg_sdm.org/Person/Dittemore_G_,Dittemore G.
http://kg_sdm.org/Person/Dittmann_J_,Dittmann J.
http://kg_sdm.org/Person/Doering_C_R_,Doering C.R.
http://kg_sdm.org/Person/Dornisch_W_,Dornisch W.
http://kg_sdm.org/Person/Draper_S_R_E_,Draper S.R.E.
http://kg_sdm.org/Person/Dryer_Z_,Dryer Z.
http://kg_sdm.org/Person/Du_X_,Du X.
http://kg_sdm.org/Person/Duffy_Deno_C_A_,Duffy-Deno C.A.
http://kg_sdm.org/Person/Dutson_J_,Dutson J.
http://kg_sdm.org/Person/Dwivedi_V_H_,Dwivedi V.H.
http://kg_sdm.org/Person/Dye_S_,Dye S.
http://kg_sdm.org/Person/Ebert_J_,Ebert J.
http://kg_sdm.org/Person/Eckhardt_B_,Eckhardt B.
http://kg_sdm.org/Person/Edward_Gibson_G_,Edward Gibson G.
http://kg_sdm.org/Person/Efimov_A_,Efimov A.
http://kg_sdm.org/Person/Egbert_S_C_,Egbert S.C.
http://kg_sdm.org/Person/Eggett_D_,Eggett D.
http://kg_sdm.org/Person/El_Asmar_M_,El Asmar M.
http://kg_sdm.org/Person/Ellingson_G_,Ellingson G.
http://kg_sdm.org/Person/Ellingson_J_,Ellingson J.
http://kg_sdm.org/Person/Embley_J_S_,Embley J.S.
http://kg_sdm.org/Person/Emelifeonwu_J_,Emelifeonwu J.
http://kg_sdm.org/Person/Emerson_P_,Emerson P.
http://kg_sdm.org/Person/Endruweit_A_,Endruweit A.
http://kg_sdm.org/Person/Enos_D_G_,Enos D.G.
http://kg_sdm.org/Person/Erickson_H_C_,Erickson H.C.
http://kg_sdm.org/Person/Erickson_S_D_,Erickson S.D.
http://kg_sdm.org/Person/Ermanni_P_,Ermanni P.
http://kg_sdm.org/Person/Eves_K_,Eves K.
http://kg_sdm.org/Person/Fagergren_F_,Fagergren F.
http://kg_sdm.org/Person/Fan_J_,Fan J.
http://kg_sdm.org/Person/Fan_M_,Fan M.
http://kg_sdm.org/Person/Fanning_D_T_,Fanning D.T.
http://kg_sdm.org/Person/Farnsworth_C_B_,Farnsworth C.B.
http://kg_sdm.org/Person/Farnsworth_M_S_,Farnsworth M.S.
http://kg_sdm.org/Person/Farrell_M_,Farrell M.
http://kg_sdm.org/Person/Fauster_E_,Fauster E.
http://kg_sdm.org/Person/Feeman_S_M_,Feeman S.M.
http://kg_sdm.org/Person/Fernandes_T_,Fernandes T.
http://kg_sdm.org/Person/Fernandez_D_,Fernandez D.
http://kg_sdm.org/Person/Fernelius_M_H_,Fernelius M.H.
http://kg_sdm.org/Person/Fiedoruk_K_,Fiedoruk K.
http://kg_sdm.org/Person/Fish_D_,Fish D.
http://kg_sdm.org/Person/Fistler_M_,Fistler M.
http://kg_sdm.org/Person/Flanary_D_,Flanary D.
http://kg_sdm.org/Person/Fletcher_M_,Fletcher M.
http://kg_sdm.org/Person/Fletcher_M_E_,Fletcher M.E.
http://kg_sdm.org/Person/Foglia_L_,Foglia L.
http://kg_sdm.org/Person/Fonseca_F_S_,Fonseca F.S.
http://kg_sdm.org/Person/Forcade_R_W_,Forcade R.W.
http://kg_sdm.org/Person/Ford_H_,Ford H.
http://kg_sdm.org/Person/Forsgren_B_,Forsgren B.
http://kg_sdm.org/Person/Fortes_E_S_,Fortes E.S.
http://kg_sdm.org/Person/Fourment_L_,Fourment L.
http://kg_sdm.org/Person/Francis_B_L_,Francis B.L.
http://kg_sdm.org/Person/Francom_D_,Francom D.
http://kg_sdm.org/Person/Francucci_G_,Francucci G.
http://kg_sdm.org/Person/Frandsen_D_,Frandsen D.
http://kg_sdm.org/Person/Franke_K_,Franke K.
http://kg_sdm.org/Person/Frankman_D_,Frankman D.
http://kg_sdm.org/Person/Franks_N_A_,Franks N.A.
http://kg_sdm.org/Person/Frazer_D_,Frazer D.
http://kg_sdm.org/Person/Fredriksson_C_,Fredriksson C.
http://kg_sdm.org/Person/Freeman_I_,Freeman I.
http://kg_sdm.org/Person/Frei_M_,Frei M.
http://kg_sdm.org/Person/Fronk_Z_,Fronk Z.
http://kg_sdm.org/Person/Fry_R_,Fry R.
http://kg_sdm.org/Person/Fujimoto_M_S_,Fujimoto M.S.
http://kg_sdm.org/Person/Fulda_N_,Fulda N.
http://kg_sdm.org/Person/Fuller_S_G_,Fuller S.G.
http://kg_sdm.org/Person/Fullwood_D_,Fullwood D.
http://kg_sdm.org/Person/Fung_R_,Fung R.
http://kg_sdm.org/Person/Gagakuma_E_,Gagakuma E.
http://kg_sdm.org/Person/Gallant_N_D_,Gallant N.D.
http://kg_sdm.org/Person/Galligan_C_,Galligan C.
http://kg_sdm.org/Person/Galvez_de_Leon_P_,Galvez de Leon P.
http://kg_sdm.org/Person/Gamstedt_E_K_,Gamstedt E.K.
http://kg_sdm.org/Person/Ganjalizadeh_V_,Ganjalizadeh V.
http://kg_sdm.org/Person/Garcia_E_,Garcia E.
http://kg_sdm.org/Person/Gardiner_C_,Gardiner C.
http://kg_sdm.org/Person/Gardner_J_W_,Gardner J.W.
http://kg_sdm.org/Person/Gasem_K_,Gasem K.
http://kg_sdm.org/Person/Gaskin_J_,Gaskin J.
http://kg_sdm.org/Person/Gates_N_S_,Gates N.S.
http://kg_sdm.org/Person/Gatrell_C_,Gatrell C.
http://kg_sdm.org/Person/Gautam_A_,Gautam A.
http://kg_sdm.org/Person/Gee_K_L_,Gee K.L.
http://kg_sdm.org/Person/Geiger_D_W_,Geiger D.W.
http://kg_sdm.org/Person/George_A_,George A.
http://kg_sdm.org/Person/Ghamkhar_R_,Ghamkhar R.
http://kg_sdm.org/Person/Gibby_W_,Gibby W.
http://kg_sdm.org/Person/Giles_N_F_,Giles N.F.
http://kg_sdm.org/Person/Girod_H_,Girod H.
http://kg_sdm.org/Person/Glaab_L_J_,Glaab L.J.
http://kg_sdm.org/Person/Glorieux_C_,Glorieux C.
http://kg_sdm.org/Person/Goates_C_B_,Goates C.B.
http://kg_sdm.org/Person/Godfrey_P_C_,Godfrey P.C.
http://kg_sdm.org/Person/Goeders_J_,Goeders J.
http://kg_sdm.org/Person/Gomes_M_A_C_,Gomes M.A.C.
http://kg_sdm.org/Person/Gong_H_,Gong H.
http://kg_sdm.org/Person/Goode_T_,Goode T.
http://kg_sdm.org/Person/Goodrich_M_A_,Goodrich M.A.
http://kg_sdm.org/Person/Goodson_M_,Goodson M.
http://kg_sdm.org/Person/Gorrell_S_,Gorrell S.
http://kg_sdm.org/Person/Gossett_E_,Gossett E.
http://kg_sdm.org/Person/Granelli_F_,Granelli F.
http://kg_sdm.org/Person/Graul_R_J_,Graul R.J.
http://kg_sdm.org/Person/Greenburg_M_J_,Greenburg M.J.
http://kg_sdm.org/Person/Greenwood_J_R_,Greenwood J.R.
http://kg_sdm.org/Person/Gregg_J_F_,Gregg J.F.
http://kg_sdm.org/Person/Griffin_D_,Griffin D.
http://kg_sdm.org/Person/Griffiths_A_,Griffiths A.
http://kg_sdm.org/Person/Grimsman_D_,Grimsman D.
http://kg_sdm.org/Person/Grishaev_V_,Grishaev V.
http://kg_sdm.org/Person/Gross_A_,Gross A.
http://kg_sdm.org/Person/Guldiken_R_,Guldiken R.
http://kg_sdm.org/Person/Gunnarsson_A_,Gunnarsson A.
http://kg_sdm.org/Person/Gunter_C_,Gunter C.
http://kg_sdm.org/Person/Gunther_H_,Gunther H.
http://kg_sdm.org/Person/Guo_C_,Guo C.
http://kg_sdm.org/Person/Guo_Z_,Guo Z.
http://kg_sdm.org/Person/Gustafson_E_,Gustafson E.
http://kg_sdm.org/Person/Guthrie_S_,Guthrie S.
http://kg_sdm.org/Person/Guthrie_W_S_,Guthrie W.S.
http://kg_sdm.org/Person/Hackney_D_,Hackney D.
http://kg_sdm.org/Person/Hadi_Nazari_S_,Hadi Nazari S.
http://kg_sdm.org/Person/Hajimirzaie_S_M_,Hajimirzaie S.M.
http://kg_sdm.org/Person/Halverson_D_M_,Halverson D.M.
http://kg_sdm.org/Person/Hamblin_M_,Hamblin M.
http://kg_sdm.org/Person/Hamilton_E_S_,Hamilton E.S.
http://kg_sdm.org/Person/Hamilton_M_,Hamilton M.
http://kg_sdm.org/Person/Hamilton_P_K_,Hamilton P.K.
http://kg_sdm.org/Person/Hammond_A_M_,Hammond A.M.
http://kg_sdm.org/Person/Hancioglu_M_,Hancioglu M.
http://kg_sdm.org/Person/Hanks_K_N_,Hanks K.N.
http://kg_sdm.org/Person/Hansen_K_R_,Hansen K.R.
http://kg_sdm.org/Person/Hansen_L_T_,Hansen L.T.
http://kg_sdm.org/Person/Hanson_R_,Hanson R.
http://kg_sdm.org/Person/Hanson_R_M_,Hanson R.M.
http://kg_sdm.org/Person/Harb_J_N_,Harb J.N.
http://kg_sdm.org/Person/Harden_T_,Harden T.
http://kg_sdm.org/Person/Hardman_M_A_,Hardman M.A.
http://kg_sdm.org/Person/Hardy_R_T_,Hardy R.T.
http://kg_sdm.org/Person/Harrington_M_,Harrington M.
http://kg_sdm.org/Person/Harrison_C_R_,Harrison C.R.
http://kg_sdm.org/Person/Harrison_W_K_,Harrison W.K.
http://kg_sdm.org/Person/Harrisony_W_K_,Harrisony W.K.
http://kg_sdm.org/Person/Hart_G_,Hart G.
http://kg_sdm.org/Person/Hasler_E_,Hasler E.
http://kg_sdm.org/Person/Hastings_A_,Hastings A.
http://kg_sdm.org/Person/Hatch_N_W_,Hatch N.W.
http://kg_sdm.org/Person/Havinga_P_J_M_,Havinga P.J.M.
http://kg_sdm.org/Person/Hawkins_A_,Hawkins A.
http://kg_sdm.org/Person/Hawkins_L_,Hawkins L.
http://kg_sdm.org/Person/Hayden_S_,Hayden S.
http://kg_sdm.org/Person/Hazen_G_,Hazen G.
http://kg_sdm.org/Person/Hedengren_J_D_,Hedengren J.D.
http://kg_sdm.org/Person/Hedges_D_M_,Hedges D.M.
http://kg_sdm.org/Person/Heidbrink_S_,Heidbrink S.
http://kg_sdm.org/Person/Helps_R_G_,Helps R.G.
http://kg_sdm.org/Person/Hendershot_T_,Hendershot T.
http://kg_sdm.org/Person/Hendricks_L_J_,Hendricks L.J.
http://kg_sdm.org/Person/Hendrickson_N_R_,Hendrickson N.R.
http://kg_sdm.org/Person/Henrichsen_A_M_,Henrichsen A.M.
http://kg_sdm.org/Person/Herder_J_L_,Herder J.L.
http://kg_sdm.org/Person/Herr_D_J_C_,Herr D.J.C.
http://kg_sdm.org/Person/Hershman_R_,Hershman R.
http://kg_sdm.org/Person/Hess_B_C_,Hess B.C.
http://kg_sdm.org/Person/Hicks_A_L_,Hicks A.L.
http://kg_sdm.org/Person/Hicks_D_,Hicks D.
http://kg_sdm.org/Person/Higham_C_,Higham C.
http://kg_sdm.org/Person/Hill_J_C_,Hill J.C.
http://kg_sdm.org/Person/Hill_M_,Hill M.
http://kg_sdm.org/Person/Hirt_J_R_,Hirt J.R.
http://kg_sdm.org/Person/Hodge_D_,Hodge D.
http://kg_sdm.org/Person/Hodges_G_T_,Hodges G.T.
http://kg_sdm.org/Person/Hogg_S_M_,Hogg S.M.
http://kg_sdm.org/Person/Hogge_J_W_,Hogge J.W.
http://kg_sdm.org/Person/Hogstrom_C_,Hogstrom C.
http://kg_sdm.org/Person/Holtom_J_,Holtom J.
http://kg_sdm.org/Person/Homer_E_R_,Homer E.R.
http://kg_sdm.org/Person/Hong_C__F_,Hong C.-F.
http://kg_sdm.org/Person/Hooper_K_,Hooper K.
http://kg_sdm.org/Person/Hope_S_,Hope S.
http://kg_sdm.org/Person/Hopman_A_,Hopman A.
http://kg_sdm.org/Person/Horne_R_R_,Horne R.R.
http://kg_sdm.org/Person/Hosemann_P_,Hosemann P.
http://kg_sdm.org/Person/Hotchkiss_R_H_,Hotchkiss R.H.
http://kg_sdm.org/Person/Hou_H_,Hou H.
http://kg_sdm.org/Person/Hovanski_Y_,Hovanski Y.
http://kg_sdm.org/Person/Howarth_J_,Howarth J.
http://kg_sdm.org/Person/Howell_B_,Howell B.
http://kg_sdm.org/Person/Howell_L_L_,Howell L.L.
http://kg_sdm.org/Person/Howell_R_G_,Howell R.G.
http://kg_sdm.org/Person/Hsu_C__W_,Hsu C.-W.
http://kg_sdm.org/Person/Hu_H_H_,Hu H.H.
http://kg_sdm.org/Person/Hu_R_,Hu R.
http://kg_sdm.org/Person/Huang_B_,Huang B.
http://kg_sdm.org/Person/Huang_J__S_,Huang J.-S.
http://kg_sdm.org/Person/Huang_Y__C_,Huang Y.-C.
http://kg_sdm.org/Person/Huang_Z_,Huang Z.
http://kg_sdm.org/Person/Hughes_T_J_R_,Hughes T.J.R.
http://kg_sdm.org/Person/Hull_T_,Hull T.
http://kg_sdm.org/Person/Hummon_M_T_,Hummon M.T.
http://kg_sdm.org/Person/Hunt_J_,Hunt J.
http://kg_sdm.org/Person/Hunt_J_P_,Hunt J.P.
http://kg_sdm.org/Person/Hunter_A_,Hunter A.
http://kg_sdm.org/Person/Hunter_I_,Hunter I.
http://kg_sdm.org/Person/Hunter_J_G_,Hunter J.G.
http://kg_sdm.org/Person/Hutchings_B_,Hutchings B.
http://kg_sdm.org/Person/Hutchings_N_,Hutchings N.
http://kg_sdm.org/Person/Hutchinson_T_,Hutchinson T.
http://kg_sdm.org/Person/Hyatt_L_P_,Hyatt L.P.
http://kg_sdm.org/Person/Hyatt_P_,Hyatt P.
http://kg_sdm.org/Person/Ignaut_B_,Ignaut B.
http://kg_sdm.org/Person/Irvin_J_J_,Irvin J.J.
http://kg_sdm.org/Person/Iverson_B_D_,Iverson B.D.
http://kg_sdm.org/Person/Jackson_B_,Jackson B.
http://kg_sdm.org/Person/Jackson_J_,Jackson J.
http://kg_sdm.org/Person/Jacobsen_A_J_,Jacobsen A.J.
http://kg_sdm.org/Person/Jafek_A_,Jafek A.
http://kg_sdm.org/Person/Jain_A_,Jain A.
http://kg_sdm.org/Person/Jain_P_,Jain P.
http://kg_sdm.org/Person/James_B_,James B.
http://kg_sdm.org/Person/James_M_M_,James M.M.
http://kg_sdm.org/Person/Jandron_M_A_,Jandron M.A.
http://kg_sdm.org/Person/Janion_M_,Janion M.
http://kg_sdm.org/Person/Janke_D_,Janke D.
http://kg_sdm.org/Person/Jenkins_D_,Jenkins D.
http://kg_sdm.org/Person/Jenkins_J_L_,Jenkins J.L.
http://kg_sdm.org/Person/Jensen_B_,Jensen B.
http://kg_sdm.org/Person/Jensen_B_D_,Jensen B.D.
http://kg_sdm.org/Person/Jensen_C_G_,Jensen C.G.
http://kg_sdm.org/Person/Jensen_H_,Jensen H.
http://kg_sdm.org/Person/Jensen_M_A_,Jensen M.A.
http://kg_sdm.org/Person/Jensen_R_R_,Jensen R.R.
http://kg_sdm.org/Person/Jensen_S_,Jensen S.
http://kg_sdm.org/Person/Jin_L_,Jin L.
http://kg_sdm.org/Person/Jin_M_,Jin M.
http://kg_sdm.org/Person/Johnson_A_W_,Johnson A.W.
http://kg_sdm.org/Person/Johnson_B_I_,Johnson B.I.
http://kg_sdm.org/Person/Johnson_C_,Johnson C.
http://kg_sdm.org/Person/Johnson_C_L_,Johnson C.L.
http://kg_sdm.org/Person/Johnson_H_,Johnson H.
http://kg_sdm.org/Person/Johnson_J_,Johnson J.
http://kg_sdm.org/Person/Johnson_J_A_,Johnson J.A.
http://kg_sdm.org/Person/Johnson_M_H_,Johnson M.H.
http://kg_sdm.org/Person/Johnson_O_K_,Johnson O.K.
http://kg_sdm.org/Person/Johnston_J_D_,Johnston J.D.
http://kg_sdm.org/Person/Jones_M_,Jones M.
http://kg_sdm.org/Person/Jones_M_R_,Jones M.R.
http://kg_sdm.org/Person/Jones_T_,Jones T.
http://kg_sdm.org/Person/Jones_Z_T_,Jones Z.T.
http://kg_sdm.org/Person/Jorgensen_J_J_,Jorgensen J.J.
http://kg_sdm.org/Person/Josephson_A_J_,Josephson A.J.
http://kg_sdm.org/Person/Josephson_C_,Josephson C.
http://kg_sdm.org/Person/Kabachi_M_A_,Kabachi M.A.
http://kg_sdm.org/Person/Kaivo_oja_J_,Kaivo-oja J.
http://kg_sdm.org/Person/Kale_V_,Kale V.
http://kg_sdm.org/Person/Kamminga_J_W_,Kamminga J.W.
http://kg_sdm.org/Person/Kang_C_K_,Kang C.K.
http://kg_sdm.org/Person/Kao_C__W_,Kao C.-W.
http://kg_sdm.org/Person/Kaoumi_D_,Kaoumi D.
http://kg_sdm.org/Person/Karra_S_,Karra S.
http://kg_sdm.org/Person/Katz_J_,Katz J.
http://kg_sdm.org/Person/Kaufeld_K_,Kaufeld K.
http://kg_sdm.org/Person/Keller_A_,Keller A.
http://kg_sdm.org/Person/Kerstein_A_,Kerstein A.
http://kg_sdm.org/Person/Khajah_T_,Khajah T.
http://kg_sdm.org/Person/Killpack_M_,Killpack M.
http://kg_sdm.org/Person/Killpack_M_D_,Killpack M.D.
http://kg_sdm.org/Person/Kim_C_,Kim C.
http://kg_sdm.org/Person/Kim_K_M_,Kim K.M.
http://kg_sdm.org/Person/Kim_M_D_,Kim M.D.
http://kg_sdm.org/Person/Kincaid_C_J_,Kincaid C.J.
http://kg_sdm.org/Person/Kind_K_,Kind K.
http://kg_sdm.org/Person/King_J_,King J.
http://kg_sdm.org/Person/King_R_,King R.
http://kg_sdm.org/Person/Kinnison_W_,Kinnison W.
http://kg_sdm.org/Person/Kinzer_Ursem_T_L_,Kinzer-Ursem T.L.
http://kg_sdm.org/Person/Kirsch_D_,Kirsch D.
http://kg_sdm.org/Person/Kitching_J_,Kitching J.
http://kg_sdm.org/Person/Klimas_N_G_,Klimas N.G.
http://kg_sdm.org/Person/Knezevic_M_,Knezevic M.
http://kg_sdm.org/Person/Knight_C_J_,Knight C.J.
http://kg_sdm.org/Person/Knighton_B_E_,Knighton B.E.
http://kg_sdm.org/Person/Knobles_D_P_,Knobles D.P.
http://kg_sdm.org/Person/Knotts_T_A_,Knotts T.A.
http://kg_sdm.org/Person/Koch_D_P_,Koch D.P.
http://kg_sdm.org/Person/Koehler_R_,Koehler R.
http://kg_sdm.org/Person/Korimi_M_,Korimi M.
http://kg_sdm.org/Person/Kowalski_T_,Kowalski T.
http://kg_sdm.org/Person/Kramer_I_,Kramer I.
http://kg_sdm.org/Person/Kraus_D_,Kraus D.
http://kg_sdm.org/Person/Kuan_Y_,Kuan Y.
http://kg_sdm.org/Person/Kunzler_J_W_,Kunzler J.W.
http://kg_sdm.org/Person/Kurata_M_,Kurata M.
http://kg_sdm.org/Person/Kurniawan_C_,Kurniawan C.
http://kg_sdm.org/Person/Kurtz_D_,Kurtz D.
http://kg_sdm.org/Person/La_A_,La A.
http://kg_sdm.org/Person/Lam_S__H_,Lam S.-H.
http://kg_sdm.org/Person/Landers_N_,Landers N.
http://kg_sdm.org/Person/Lane_S_,Lane S.
http://kg_sdm.org/Person/Laney_J_,Laney J.
http://kg_sdm.org/Person/Lang_R_J_,Lang R.J.
http://kg_sdm.org/Person/Larmore_G_,Larmore G.
http://kg_sdm.org/Person/Larsen_A_,Larsen A.
http://kg_sdm.org/Person/Larsen_B_,Larsen B.
http://kg_sdm.org/Person/Larsen_J_L_,Larsen J.L.
http://kg_sdm.org/Person/Larsen_R_T_,Larsen R.T.
http://kg_sdm.org/Person/Laspalas_M_,Laspalas M.
http://kg_sdm.org/Person/Laughlin_K_,Laughlin K.
http://kg_sdm.org/Person/Lawrence_E_,Lawrence E.
http://kg_sdm.org/Person/Lawrence_P_B_,Lawrence P.B.
http://kg_sdm.org/Person/Lawson_J_,Lawson J.
http://kg_sdm.org/Person/Lay_K_,Lay K.
http://kg_sdm.org/Person/Laycock_R_G_,Laycock R.G.
http://kg_sdm.org/Person/Layton_K_,Layton K.
http://kg_sdm.org/Person/Lazarz_J_,Lazarz J.
http://kg_sdm.org/Person/Le_Bas_P__Y_,Le Bas P.-Y.
http://kg_sdm.org/Person/Le_K_,Le K.
http://kg_sdm.org/Person/Leary_H_,Leary H.
http://kg_sdm.org/Person/Lebedev_O_V_,Lebedev O.V.
http://kg_sdm.org/Person/Lee_A_,Lee A.
http://kg_sdm.org/Person/Lee_D__J_,Lee D.-J.
http://kg_sdm.org/Person/Lee_J_H_,Lee J.H.
http://kg_sdm.org/Person/Leete_K_M_,Leete K.M.
http://kg_sdm.org/Person/Lemmon_J_P_,Lemmon J.P.
http://kg_sdm.org/Person/Leung_H_,Leung H.
http://kg_sdm.org/Person/Levy_O_,Levy O.
http://kg_sdm.org/Person/Lewis_R_S_,Lewis R.S.
http://kg_sdm.org/Person/León_C_,León C.
http://kg_sdm.org/Person/Li_T_,Li T.
http://kg_sdm.org/Person/Li_X_,Li X.
http://kg_sdm.org/Person/Li_Y_,Li Y.
http://kg_sdm.org/Person/Libano_F_,Libano F.
http://kg_sdm.org/Person/Lignell_D_O_,Lignell D.O.
http://kg_sdm.org/Person/Lim_H_,Lim H.
http://kg_sdm.org/Person/Lin_C__S_,Lin C.-S.
http://kg_sdm.org/Person/Lin_H__H_,Lin H.-H.
http://kg_sdm.org/Person/Lin_Q_,Lin Q.
http://kg_sdm.org/Person/Linford_M_R_,Linford M.R.
http://kg_sdm.org/Person/Ling_M_,Ling M.
http://kg_sdm.org/Person/Linn_J_,Linn J.
http://kg_sdm.org/Person/Linn_R_R_,Linn R.R.
http://kg_sdm.org/Person/Liotier_P__J_,Liotier P.-J.
http://kg_sdm.org/Person/Liu_B__F_,Liu B.-F.
http://kg_sdm.org/Person/Liu_C_,Liu C.
http://kg_sdm.org/Person/Liu_F_C_,Liu F.C.
http://kg_sdm.org/Person/Liu_H_,Liu H.
http://kg_sdm.org/Person/Liu_J_,Liu J.
http://kg_sdm.org/Person/Liu_L_,Liu L.
http://kg_sdm.org/Person/Liu_M_,Liu M.
http://kg_sdm.org/Person/Lizaranzu_M_,Lizaranzu M.
http://kg_sdm.org/Person/Loaiza_J_,Loaiza J.
http://kg_sdm.org/Person/Lofthouse_V_,Lofthouse V.
http://kg_sdm.org/Person/Lomov_S_V_,Lomov S.V.
http://kg_sdm.org/Person/Long_A_,Long A.
http://kg_sdm.org/Person/Long_D_G_,Long D.G.
http://kg_sdm.org/Person/Long_E_A_,Long E.A.
http://kg_sdm.org/Person/Lu_W_,Lu W.
http://kg_sdm.org/Person/Luc_Harkey_B_A_,Luc-Harkey B.A.
http://kg_sdm.org/Person/Luk_W_,Luk W.
http://kg_sdm.org/Person/Lunt_B_M_,Lunt B.M.
http://kg_sdm.org/Person/Luscher_D_J_,Luscher D.J.
http://kg_sdm.org/Person/Lusk_P_C_,Lusk P.C.
http://kg_sdm.org/Person/Lyman_C_A_,Lyman C.A.
http://kg_sdm.org/Person/Lyng_G_,Lyng G.
http://kg_sdm.org/Person/Lystrup_C_,Lystrup C.
http://kg_sdm.org/Person/Ma_F_,Ma F.
http://kg_sdm.org/Person/MacKay_R_J_,MacKay R.J.
http://kg_sdm.org/Person/Maccarty_N_A_,Maccarty N.A.
http://kg_sdm.org/Person/Machekposhti_D_F_,Machekposhti D.F.
http://kg_sdm.org/Person/Maestre_J_,Maestre J.
http://kg_sdm.org/Person/Magleby_S_P_,Magleby S.P.
http://kg_sdm.org/Person/Mahmood_A_,Mahmood A.
http://kg_sdm.org/Person/Major_G_H_,Major G.H.
http://kg_sdm.org/Person/Malmberg_M_A_,Malmberg M.A.
http://kg_sdm.org/Person/Manandhar_K_,Manandhar K.
http://kg_sdm.org/Person/Manring_L_,Manring L.
http://kg_sdm.org/Person/Mansoor_M_M_,Mansoor M.M.
http://kg_sdm.org/Person/Manyam_S_G_,Manyam S.G.
http://kg_sdm.org/Person/Marchese_M_,Marchese M.
http://kg_sdm.org/Person/Mardkhe_M_K_,Mardkhe M.K.
http://kg_sdm.org/Person/Martin_R_A_,Martin R.A.
http://kg_sdm.org/Person/Martinez_T_,Martinez T.
http://kg_sdm.org/Person/Mascarenas_D_,Mascarenas D.
http://kg_sdm.org/Person/Matheson_D_J_,Matheson D.J.
http://kg_sdm.org/Person/Mathies_R_A_,Mathies R.A.
http://kg_sdm.org/Person/Mathis_T_,Mathis T.
http://kg_sdm.org/Person/Matsubara_E_,Matsubara E.
http://kg_sdm.org/Person/Mattson_C_A_,Mattson C.A.
http://kg_sdm.org/Person/Mavrogordato_M_N_,Mavrogordato M.N.
http://kg_sdm.org/Person/Maxfield_J_H_,Maxfield J.H.
http://kg_sdm.org/Person/May_D_,May D.
http://kg_sdm.org/Person/Maynes_D_,Maynes D.
http://kg_sdm.org/Person/Mayoral_J_M_,Mayoral J.M.
http://kg_sdm.org/Person/Mazzeo_B_A_,Mazzeo B.A.
http://kg_sdm.org/Person/McCall_A_J_,McCall A.J.
http://kg_sdm.org/Person/McCown_A_S_,McCown A.S.
http://kg_sdm.org/Person/McCracken_S_L_,McCracken S.L.
http://kg_sdm.org/Person/McDonald_J_K_,McDonald J.K.
http://kg_sdm.org/Person/McDonald_S_J_,McDonald S.J.
http://kg_sdm.org/Person/McDonnell_T_,McDonnell T.
http://kg_sdm.org/Person/McElderry_J_,McElderry J.
http://kg_sdm.org/Person/McLain_T_W_,McLain T.W.
http://kg_sdm.org/Person/McLeod_A_R_,McLeod A.R.
http://kg_sdm.org/Person/McMillan_G_,McMillan G.
http://kg_sdm.org/Person/Meaker_K_S_,Meaker K.S.
http://kg_sdm.org/Person/Meena_G_G_,Meena G.G.
http://kg_sdm.org/Person/Megaridis_C_M_,Megaridis C.M.
http://kg_sdm.org/Person/Mehl_M_J_,Mehl M.J.
http://kg_sdm.org/Person/Mehmood_R_,Mehmood R.
http://kg_sdm.org/Person/Mehr_J_,Mehr J.
http://kg_sdm.org/Person/Mehrnia_M_R_,Mehrnia M.R.
http://kg_sdm.org/Person/Mehta_A_,Mehta A.
http://kg_sdm.org/Person/Membreno_K_,Membreno K.
http://kg_sdm.org/Person/Meratnia_N_,Meratnia N.
http://kg_sdm.org/Person/Mercer_E_,Mercer E.
http://kg_sdm.org/Person/Merchel_E_,Merchel E.
http://kg_sdm.org/Person/Merrill_R_M_,Merrill R.M.
http://kg_sdm.org/Person/Metro_D_,Metro D.
http://kg_sdm.org/Person/Miao_D_,Miao D.
http://kg_sdm.org/Person/Miao_X_,Miao X.
http://kg_sdm.org/Person/Michela_E_,Michela E.
http://kg_sdm.org/Person/Middendorf_P_,Middendorf P.
http://kg_sdm.org/Person/Miles_M_P_,Miles M.P.
http://kg_sdm.org/Person/Millard_J_D_,Millard J.D.
http://kg_sdm.org/Person/Mincigrucci_R_,Mincigrucci R.
http://kg_sdm.org/Person/Mishra_R_S_,Mishra R.S.
http://kg_sdm.org/Person/Mitschang_P_,Mitschang P.
http://kg_sdm.org/Person/Mo_J_,Mo J.
http://kg_sdm.org/Person/Moffett_T_,Moffett T.
http://kg_sdm.org/Person/Monk_A_,Monk A.
http://kg_sdm.org/Person/Monson_T_,Monson T.
http://kg_sdm.org/Person/Montalva_G_,Montalva G.
http://kg_sdm.org/Person/Monteiro_T_,Monteiro T.
http://kg_sdm.org/Person/Montgomery_J_,Montgomery J.
http://kg_sdm.org/Person/Moon_B_,Moon B.
http://kg_sdm.org/Person/Moore_B_A_,Moore B.A.
http://kg_sdm.org/Person/Moore_J_J_,Moore J.J.
http://kg_sdm.org/Person/Moore_K_R_,Moore K.R.
http://kg_sdm.org/Person/Morales_Velez_A_C_,Morales-Velez A.C.
http://kg_sdm.org/Person/Morgan_D_,Morgan D.
http://kg_sdm.org/Person/Morgan_J_C_,Morgan J.C.
http://kg_sdm.org/Person/Morgan_W_S_,Morgan W.S.
http://kg_sdm.org/Person/Morán_J_,Morán J.
http://kg_sdm.org/Person/Moss_C_D_,Moss C.D.
http://kg_sdm.org/Person/Mudunuru_M_,Mudunuru M.
http://kg_sdm.org/Person/Mueller_T_,Mueller T.
http://kg_sdm.org/Person/Mulford_R_B_,Mulford R.B.
http://kg_sdm.org/Person/Munro_T_,Munro T.
http://kg_sdm.org/Person/Murroni_M_,Murroni M.
http://kg_sdm.org/Person/Nabulsi_N_,Nabulsi N.
http://kg_sdm.org/Person/Nash_C_,Nash C.
http://kg_sdm.org/Person/Nash_R_,Nash R.
http://kg_sdm.org/Person/Navrotsky_A_,Navrotsky A.
http://kg_sdm.org/Person/Naylor_T_A_,Naylor T.A.
http://kg_sdm.org/Person/Neff_C_,Neff C.
http://kg_sdm.org/Person/Neilsen_T_B_,Neilsen T.B.
http://kg_sdm.org/Person/Nelsen_B_W_,Nelsen B.W.
http://kg_sdm.org/Person/Nelson_J_A_D_,Nelson J.A.D.
http://kg_sdm.org/Person/Nelson_K_,Nelson K.
http://kg_sdm.org/Person/Nelson_N_,Nelson N.
http://kg_sdm.org/Person/Nelson_T_G_,Nelson T.G.
http://kg_sdm.org/Person/Nelson_T_W_,Nelson T.W.
http://kg_sdm.org/Person/Neupane_A_,Neupane A.
http://kg_sdm.org/Person/Newcomb_J_E_,Newcomb J.E.
http://kg_sdm.org/Person/Newton_M_,Newton M.
http://kg_sdm.org/Person/Ng_Y__K_,Ng Y.-K.
http://kg_sdm.org/Person/Nguyen_V_,Nguyen V.
http://kg_sdm.org/Person/Ni_Q_,Ni Q.
http://kg_sdm.org/Person/Nickerl_A_,Nickerl A.
http://kg_sdm.org/Person/Niedfeldt_P_C_,Niedfeldt P.C.
http://kg_sdm.org/Person/Nielsen_J_,Nielsen J.
http://kg_sdm.org/Person/Nielson_M_,Nielson M.
http://kg_sdm.org/Person/Niezgoda_S_,Niezgoda S.
http://kg_sdm.org/Person/Nikolov_I_,Nikolov I.
http://kg_sdm.org/Person/Ning_A_,Ning A.
http://kg_sdm.org/Person/Noble_M_,Noble M.
http://kg_sdm.org/Person/Nordin_G_P_,Nordin G.P.
http://kg_sdm.org/Person/Norman_K_,Norman K.
http://kg_sdm.org/Person/Noronha_D_H_,Noronha D.H.
http://kg_sdm.org/Person/Noyce_S_G_,Noyce S.G.
http://kg_sdm.org/Person/Nussbaum_J_,Nussbaum J.
http://kg_sdm.org/Person/Nuttall_J_R_,Nuttall J.R.
http://kg_sdm.org/Person/Nybø_R_,Nybø R.
http://kg_sdm.org/Person/Nygaard_E_,Nygaard E.
http://kg_sdm.org/Person/Nysetvold_T_B_,Nysetvold T.B.
http://kg_sdm.org/Person/Nyshadham_C_,Nyshadham C.
http://kg_sdm.org/Person/O_Malley_D_,O'Malley D.
http://kg_sdm.org/Person/O_Neill_M_,O'Neill M.
http://kg_sdm.org/Person/Ochsner_S_,Ochsner S.
http://kg_sdm.org/Person/Oesterle_B_,Oesterle B.
http://kg_sdm.org/Person/Oevermann_M_,Oevermann M.
http://kg_sdm.org/Person/Ogbeibu_S_,Ogbeibu S.
http://kg_sdm.org/Person/Ogles_B_,Ogles B.
http://kg_sdm.org/Person/Oh_S_K_,Oh S.K.
http://kg_sdm.org/Person/Ohara_Y_,Ohara Y.
http://kg_sdm.org/Person/Okeson_T_J_,Okeson T.J.
http://kg_sdm.org/Person/Oliphant_K_,Oliphant K.
http://kg_sdm.org/Person/Olsen_C_R_,Olsen C.R.
http://kg_sdm.org/Person/Olsen_J_,Olsen J.
http://kg_sdm.org/Person/Olsen_M_,Olsen M.
http://kg_sdm.org/Person/Ong_J_,Ong J.
http://kg_sdm.org/Person/Opra_J_,Opra J.
http://kg_sdm.org/Person/Orme_A_D_,Orme A.D.
http://kg_sdm.org/Person/Orr_J_,Orr J.
http://kg_sdm.org/Person/Ottosson_H_J_,Ottosson H.J.
http://kg_sdm.org/Person/O’Neill_M_,O’Neill M.
http://kg_sdm.org/Person/Pack_A_T_,Pack A.T.
http://kg_sdm.org/Person/Packer_R_,Packer R.
http://kg_sdm.org/Person/Pallares_J_,Pallares J.
http://kg_sdm.org/Person/Palma_L_,Palma L.
http://kg_sdm.org/Person/Pankow_M_,Pankow M.
http://kg_sdm.org/Person/Parish_W_,Parish W.
http://kg_sdm.org/Person/Park_C__H_,Park C.-H.
http://kg_sdm.org/Person/Park_D_,Park D.
http://kg_sdm.org/Person/Park_J_,Park J.
http://kg_sdm.org/Person/Park_J_L_,Park J.L.
http://kg_sdm.org/Person/Park_M_,Park M.
http://kg_sdm.org/Person/Parkinson_A_R_,Parkinson A.R.
http://kg_sdm.org/Person/Parks_J_W_,Parks J.W.
http://kg_sdm.org/Person/Parr_R_,Parr R.
http://kg_sdm.org/Person/Parsekian_G_A_,Parsekian G.A.
http://kg_sdm.org/Person/Paré_P_E_,Paré P.E.
http://kg_sdm.org/Person/Passey_D_J_,Passey D.J.
http://kg_sdm.org/Person/Patala_S_,Patala S.
http://kg_sdm.org/Person/Patrick_B_,Patrick B.
http://kg_sdm.org/Person/Patterson_J_L_,Patterson J.L.
http://kg_sdm.org/Person/Pearce_W_,Pearce W.
http://kg_sdm.org/Person/Peatross_J_,Peatross J.
http://kg_sdm.org/Person/Pedersen_A_,Pedersen A.
http://kg_sdm.org/Person/Pedersoli_E_,Pedersoli E.
http://kg_sdm.org/Person/Pederson_J_,Pederson J.
http://kg_sdm.org/Person/Pehrson_N_A_,Pehrson N.A.
http://kg_sdm.org/Person/Pendlebury_J_,Pendlebury J.
http://kg_sdm.org/Person/Penner_J_F_,Penner J.F.
http://kg_sdm.org/Person/Perdue_T_,Perdue T.
http://kg_sdm.org/Person/Perez_Celis_A_,Perez-Celis A.
http://kg_sdm.org/Person/Perez_L_D_,Perez L.D.
http://kg_sdm.org/Person/Perrins_E_,Perrins E.
http://kg_sdm.org/Person/Perry_S_B_,Perry S.B.
http://kg_sdm.org/Person/Peters_K_,Peters K.
http://kg_sdm.org/Person/Peters_W_,Peters W.
http://kg_sdm.org/Person/Petersen_M_,Petersen M.
http://kg_sdm.org/Person/Petersen_S_L_,Petersen S.L.
http://kg_sdm.org/Person/Peterson_C_,Peterson C.
http://kg_sdm.org/Person/Peterson_C_K_,Peterson C.K.
http://kg_sdm.org/Person/Peterson_J_R_,Peterson J.R.
http://kg_sdm.org/Person/Petrie_A_,Petrie A.
http://kg_sdm.org/Person/Pettingill_D_,Pettingill D.
http://kg_sdm.org/Person/Pevey_K_C_,Pevey K.C.
http://kg_sdm.org/Person/Pfau_K_H_,Pfau K.H.
http://kg_sdm.org/Person/Pham_H_,Pham H.
http://kg_sdm.org/Person/Phipps_E_R_,Phipps E.R.
http://kg_sdm.org/Person/Pielstick_B_D_,Pielstick B.D.
http://kg_sdm.org/Person/Pierce_I_,Pierce I.
http://kg_sdm.org/Person/Pierce_J_,Pierce J.
http://kg_sdm.org/Person/Pietrosimone_B_,Pietrosimone B.
http://kg_sdm.org/Person/Pigg_A_C_,Pigg A.C.
http://kg_sdm.org/Person/Piktel_E_,Piktel E.
http://kg_sdm.org/Person/Pinto_T_,Pinto T.
http://kg_sdm.org/Person/Pipes_R_B_,Pipes R.B.
http://kg_sdm.org/Person/Pires_dos_Santos_R_,Pires dos Santos R.
http://kg_sdm.org/Person/Pitt_W_G_,Pitt W.G.
http://kg_sdm.org/Person/Pixton_D_,Pixton D.
http://kg_sdm.org/Person/Plett_G_L_,Plett G.L.
http://kg_sdm.org/Person/Ploeg_S_,Ploeg S.
http://kg_sdm.org/Person/Plotnick_L_,Plotnick L.
http://kg_sdm.org/Person/Podryabinkin_E_V_,Podryabinkin E.V.
http://kg_sdm.org/Person/Pope_S_A_,Pope S.A.
http://kg_sdm.org/Person/Popescu_V_,Popescu V.
http://kg_sdm.org/Person/Porter_D_,Porter D.
http://kg_sdm.org/Person/Potokar_E_,Potokar E.
http://kg_sdm.org/Person/Potts_D_,Potts D.
http://kg_sdm.org/Person/Powell_K_,Powell K.
http://kg_sdm.org/Person/Prasad_S_V_,Prasad S.V.
http://kg_sdm.org/Person/Pratt_B_,Pratt B.
http://kg_sdm.org/Person/Prawitt_D_G_,Prawitt D.G.
http://kg_sdm.org/Person/Price_C_,Price C.
http://kg_sdm.org/Person/Price_J_L_,Price J.L.
http://kg_sdm.org/Person/Primig_S_,Primig S.
http://kg_sdm.org/Person/Pucci_M_F_,Pucci M.F.
http://kg_sdm.org/Person/Qaderi_K_,Qaderi K.
http://kg_sdm.org/Person/Qian_Z_,Qian Z.
http://kg_sdm.org/Person/Qiu_L_,Qiu L.
http://kg_sdm.org/Person/Qu_Y_,Qu Y.
http://kg_sdm.org/Person/Quinn_H_,Quinn H.
http://kg_sdm.org/Person/Rahman_L_O_A_,Rahman L.O.A.
http://kg_sdm.org/Person/Rahmati_M_,Rahmati M.
http://kg_sdm.org/Person/Rajwade_K_,Rajwade K.
http://kg_sdm.org/Person/Ramos_K_,Ramos K.
http://kg_sdm.org/Person/Ranasinghe_D_R_,Ranasinghe D.R.
http://kg_sdm.org/Person/Randall_G_C_,Randall G.C.
http://kg_sdm.org/Person/Rasic_D_,Rasic D.
http://kg_sdm.org/Person/Rasmussen_S_,Rasmussen S.
http://kg_sdm.org/Person/Raven_L_A_,Raven L.A.
http://kg_sdm.org/Person/Ravert_J_,Ravert J.
http://kg_sdm.org/Person/Rawlings_L_,Rawlings L.
http://kg_sdm.org/Person/Raynal_J_,Raynal J.
http://kg_sdm.org/Person/Rayner_G_B_,Rayner G.B.
http://kg_sdm.org/Person/Read_M_,Read M.
http://kg_sdm.org/Person/Rech_P_,Rech P.
http://kg_sdm.org/Person/Red_E_,Red E.
http://kg_sdm.org/Person/Red_W_E_,Red W.E.
http://kg_sdm.org/Person/Redd_B_,Redd B.
http://kg_sdm.org/Person/Reese_K_,Reese K.
http://kg_sdm.org/Person/Remillieux_M_C_,Remillieux M.C.
http://kg_sdm.org/Person/Remund_K_,Remund K.
http://kg_sdm.org/Person/Ren_Y_,Ren Y.
http://kg_sdm.org/Person/Renouard_J_,Renouard J.
http://kg_sdm.org/Person/Retherford_J_,Retherford J.
http://kg_sdm.org/Person/Rice_M_,Rice M.
http://kg_sdm.org/Person/Rich_J_T_,Rich J.T.
http://kg_sdm.org/Person/Rich_P_J_,Rich P.J.
http://kg_sdm.org/Person/Richard_F_R_Y_,Richard F.R.Y.
http://kg_sdm.org/Person/Richards_D_,Richards D.
http://kg_sdm.org/Person/Richards_P_W_,Richards P.W.
http://kg_sdm.org/Person/Richardson_M_,Richardson M.
http://kg_sdm.org/Person/Ridge_S_T_,Ridge S.T.
http://kg_sdm.org/Person/Roberts_A_K_,Roberts A.K.
http://kg_sdm.org/Person/Robinson_D_R_,Robinson D.R.
http://kg_sdm.org/Person/Robinson_W_,Robinson W.
http://kg_sdm.org/Person/Robison_R_,Robison R.
http://kg_sdm.org/Person/Robles_V_D_,Robles V.D.
http://kg_sdm.org/Person/Rodin_G_J_,Rodin G.J.
http://kg_sdm.org/Person/Rodriguez_E_S_,Rodriguez E.S.
http://kg_sdm.org/Person/Rogers_P_,Rogers P.
http://kg_sdm.org/Person/Rogers_W_,Rogers W.
http://kg_sdm.org/Person/Rojas_Nastrucci_E_A_,Rojas-Nastrucci E.A.
http://kg_sdm.org/Person/Rollins_K_M_,Rollins K.M.
http://kg_sdm.org/Person/Roman_de_la_Sancha_A_,Roman-de la Sancha A.
http://kg_sdm.org/Person/Romero_M_,Romero M.
http://kg_sdm.org/Person/Rose_M_T_,Rose M.T.
http://kg_sdm.org/Person/Rosen_J_,Rosen J.
http://kg_sdm.org/Person/Rosenbrock_C_W_,Rosenbrock C.W.
http://kg_sdm.org/Person/Rosquist_P_,Rosquist P.
http://kg_sdm.org/Person/Rossi_T_,Rossi T.
http://kg_sdm.org/Person/Rougier_E_,Rougier E.
http://kg_sdm.org/Person/Roundtree_K_A_,Roundtree K.A.
http://kg_sdm.org/Person/Rowberry_H_C_,Rowberry H.C.
http://kg_sdm.org/Person/Rowley_R_L_,Rowley R.L.
http://kg_sdm.org/Person/Roy_S_,Roy S.
http://kg_sdm.org/Person/Rozsa_J_,Rozsa J.
http://kg_sdm.org/Person/Ruggieri_M_,Ruggieri M.
http://kg_sdm.org/Person/Ruoti_C_,Ruoti C.
http://kg_sdm.org/Person/Ruoti_S_,Ruoti S.
http://kg_sdm.org/Person/Rupert_L_,Rupert L.
http://kg_sdm.org/Person/Rupp_M_,Rupp M.
http://kg_sdm.org/Person/Russell_B_D_,Russell B.D.
http://kg_sdm.org/Person/Ryou_J__H_,Ryou J.-H.
http://kg_sdm.org/Person/Sacchi_C_,Sacchi C.
http://kg_sdm.org/Person/Sadler_J_E_,Sadler J.E.
http://kg_sdm.org/Person/Safdari_M__S_,Safdari M.-S.
http://kg_sdm.org/Person/Saftner_D_A_,Saftner D.A.
http://kg_sdm.org/Person/Saito_M_,Saito M.
http://kg_sdm.org/Person/Saleh_A_M_,Saleh A.M.
http://kg_sdm.org/Person/Salmon_J_,Salmon J.
http://kg_sdm.org/Person/Salt_S_D_,Salt S.D.
http://kg_sdm.org/Person/Sampad_M_J_N_,Sampad M.J.N.
http://kg_sdm.org/Person/Samuelson_C_R_,Samuelson C.R.
http://kg_sdm.org/Person/Sanchez_D_,Sanchez D.
http://kg_sdm.org/Person/Sandberg_R_,Sandberg R.
http://kg_sdm.org/Person/Sansom_R_L_,Sansom R.L.
http://kg_sdm.org/Person/Saquib_M_,Saquib M.
http://kg_sdm.org/Person/Sardar_S_,Sardar S.
http://kg_sdm.org/Person/Sargent_B_,Sargent B.
http://kg_sdm.org/Person/Sarić_A_A_,Sarić A.A.
http://kg_sdm.org/Person/Sarić_A_T_,Sarić A.T.
http://kg_sdm.org/Person/Sarker_S_,Sarker S.
http://kg_sdm.org/Person/Savage_P_B_,Savage P.B.
http://kg_sdm.org/Person/Schaumann_L_,Schaumann L.
http://kg_sdm.org/Person/Schima_S_,Schima S.
http://kg_sdm.org/Person/Schinn_S__M_,Schinn S.-M.
http://kg_sdm.org/Person/Schledjewski_R_,Schledjewski R.
http://kg_sdm.org/Person/Schlegel_C_,Schlegel C.
http://kg_sdm.org/Person/Schmidt_H_,Schmidt H.
http://kg_sdm.org/Person/Schnepf_P_D_,Schnepf P.D.
http://kg_sdm.org/Person/Schoell_R_,Schoell R.
http://kg_sdm.org/Person/Schroedter_T_L_,Schroedter T.L.
http://kg_sdm.org/Person/Schubnel_R_,Schubnel R.
http://kg_sdm.org/Person/Schultz_G_G_,Schultz G.G.
http://kg_sdm.org/Person/Schultz_S_,Schultz S.
http://kg_sdm.org/Person/Schulzke_C_,Schulzke C.
http://kg_sdm.org/Person/Schwicht_D_E_W_,Schwicht D.E.W.
http://kg_sdm.org/Person/Scott_M_A_,Scott M.A.
http://kg_sdm.org/Person/Seamons_K_,Seamons K.
http://kg_sdm.org/Person/Searle_H_,Searle H.
http://kg_sdm.org/Person/Searle_M_,Searle M.
http://kg_sdm.org/Person/Seat_M_L_,Seat M.L.
http://kg_sdm.org/Person/Sederberg_T_W_,Sederberg T.W.
http://kg_sdm.org/Person/Seegmiller_R_E_,Seegmiller R.E.
http://kg_sdm.org/Person/Seeley_M_K_,Seeley M.K.
http://kg_sdm.org/Person/Sellers_A_D_,Sellers A.D.
http://kg_sdm.org/Person/Selvan_K_T_,Selvan K.T.
http://kg_sdm.org/Person/Senadjki_A_,Senadjki A.
http://kg_sdm.org/Person/Seng_F_,Seng F.
http://kg_sdm.org/Person/Seppi_K_,Seppi K.
http://kg_sdm.org/Person/Seymour_K_,Seymour K.
http://kg_sdm.org/Person/Shah_D_,Shah D.
http://kg_sdm.org/Person/Shahandashti_S_K_F_,Shahandashti S.K.F.
http://kg_sdm.org/Person/Shahgholian_H_,Shahgholian H.
http://kg_sdm.org/Person/Shaikh_M_T_,Shaikh M.T.
http://kg_sdm.org/Person/Shamsabadi_A_,Shamsabadi A.
http://kg_sdm.org/Person/Shapeev_A_V_,Shapeev A.V.
http://kg_sdm.org/Person/Sharp_N_,Sharp N.
http://kg_sdm.org/Person/Shayegan_J_,Shayegan J.
http://kg_sdm.org/Person/Shayer_Z_,Shayer Z.
http://kg_sdm.org/Person/Sheffield_J_,Sheffield J.
http://kg_sdm.org/Person/Shelley_M_,Shelley M.
http://kg_sdm.org/Person/Sherrod_V_,Sherrod V.
http://kg_sdm.org/Person/Shishavan_R_A_,Shishavan R.A.
http://kg_sdm.org/Person/Shoemaker_G_,Shoemaker G.
http://kg_sdm.org/Person/Shrager_A_,Shrager A.
http://kg_sdm.org/Person/Shu_W_,Shu W.
http://kg_sdm.org/Person/Shumway_D_,Shumway D.
http://kg_sdm.org/Person/Shumway_L_,Shumway L.
http://kg_sdm.org/Person/Shumway_S_,Shumway S.
http://kg_sdm.org/Person/Sidhar_H_,Sidhar H.
http://kg_sdm.org/Person/Siebert_J_,Siebert J.
http://kg_sdm.org/Person/Simmons_M_,Simmons M.
http://kg_sdm.org/Person/Simons_T_,Simons T.
http://kg_sdm.org/Person/Simpson_T_W_,Simpson T.W.
http://kg_sdm.org/Person/Sims_G_,Sims G.
http://kg_sdm.org/Person/Sisodia_S_M_,Sisodia S.M.
http://kg_sdm.org/Person/Skaggs_P_,Skaggs P.
http://kg_sdm.org/Person/Small_K_A_,Small K.A.
http://kg_sdm.org/Person/Smalley_D_,Smalley D.
http://kg_sdm.org/Person/Smiley_A_J_,Smiley A.J.
http://kg_sdm.org/Person/Smith_A_,Smith A.
http://kg_sdm.org/Person/Smith_A_K_,Smith A.K.
http://kg_sdm.org/Person/Smith_D_,Smith D.
http://kg_sdm.org/Person/Smith_D_O_,Smith D.O.
http://kg_sdm.org/Person/Smith_J_,Smith J.
http://kg_sdm.org/Person/Smith_R_,Smith R.
http://kg_sdm.org/Person/Smith_S_P_,Smith S.P.
http://kg_sdm.org/Person/Smith_T_,Smith T.
http://kg_sdm.org/Person/Smith_T_J_,Smith T.J.
http://kg_sdm.org/Person/Snell_Q_,Snell Q.
http://kg_sdm.org/Person/Snow_D_,Snow D.
http://kg_sdm.org/Person/Soderquist_D_R_,Soderquist D.R.
http://kg_sdm.org/Person/Soltani_M_,Soltani M.
http://kg_sdm.org/Person/Sommerfeldt_S_D_,Sommerfeldt S.D.
http://kg_sdm.org/Person/Song_Y_,Song Y.
http://kg_sdm.org/Person/Sorensen_C_D_,Sorensen C.D.
http://kg_sdm.org/Person/Sorensen_S_T_,Sorensen S.T.
http://kg_sdm.org/Person/Sousa_P_,Sousa P.
http://kg_sdm.org/Person/Sozer_E_M_,Sozer E.M.
http://kg_sdm.org/Person/Spearing_S_M_,Spearing S.M.
http://kg_sdm.org/Person/Spendlove_B_,Spendlove B.
http://kg_sdm.org/Person/Sperry_R_,Sperry R.
http://kg_sdm.org/Person/Srinivasan_G_,Srinivasan G.
http://kg_sdm.org/Person/Stagg_G_G_,Stagg G.G.
http://kg_sdm.org/Person/Stambaugh_A_,Stambaugh A.
http://kg_sdm.org/Person/Stan_N_,Stan N.
http://kg_sdm.org/Person/Stanford_N_R_,Stanford N.R.
http://kg_sdm.org/Person/Stankovic_A_M_,Stankovic A.M.
http://kg_sdm.org/Person/Stanković_A_M_,Stanković A.M.
http://kg_sdm.org/Person/Stanley_Fujimoto_M_,Stanley Fujimoto M.
http://kg_sdm.org/Person/Stapleton_T_,Stapleton T.
http://kg_sdm.org/Person/Stark_C_G_,Stark C.G.
http://kg_sdm.org/Person/Stasak_D_,Stasak D.
http://kg_sdm.org/Person/Staves_D_R_,Staves D.R.
http://kg_sdm.org/Person/Stephens_A_R_,Stephens A.R.
http://kg_sdm.org/Person/Stephens_K_K_,Stephens K.K.
http://kg_sdm.org/Person/Steven_Turley_R_,Steven Turley R.
http://kg_sdm.org/Person/Stevens_K_,Stevens K.
http://kg_sdm.org/Person/Stevens_M_D_,Stevens M.D.
http://kg_sdm.org/Person/Stevenson_P_D_,Stevenson P.D.
http://kg_sdm.org/Person/Stitt_K_,Stitt K.
http://kg_sdm.org/Person/Stott_M_A_,Stott M.A.
http://kg_sdm.org/Person/Stout_J_M_,Stout J.M.
http://kg_sdm.org/Person/Stowers_K_J_,Stowers K.J.
http://kg_sdm.org/Person/Stringham_B_J_,Stringham B.J.
http://kg_sdm.org/Person/Stubbs_C_J_,Stubbs C.J.
http://kg_sdm.org/Person/Stuber_Geesey_M_A_,Stuber Geesey M.A.
http://kg_sdm.org/Person/Stuedlein_A_,Stuedlein A.
http://kg_sdm.org/Person/Sulik_M_,Sulik M.
http://kg_sdm.org/Person/Summa_D_A_,Summa D.A.
http://kg_sdm.org/Person/Sun_C_,Sun C.
http://kg_sdm.org/Person/Sun_W_,Sun W.
http://kg_sdm.org/Person/Sunaoshi_T_,Sunaoshi T.
http://kg_sdm.org/Person/Sutton_M_,Sutton M.
http://kg_sdm.org/Person/Swift_S_H_,Swift S.H.
http://kg_sdm.org/Person/Swindlehurst_E_,Swindlehurst E.
http://kg_sdm.org/Person/Sypherd_S_,Sypherd S.
http://kg_sdm.org/Person/Taciroglu_E_,Taciroglu E.
http://kg_sdm.org/Person/Taheri_M_L_,Taheri M.L.
http://kg_sdm.org/Person/Takeuchi_I_,Takeuchi I.
http://kg_sdm.org/Person/Talbot_S_,Talbot S.
http://kg_sdm.org/Person/Taus_M_,Taus M.
http://kg_sdm.org/Person/Taylor_E_,Taylor E.
http://kg_sdm.org/Person/Taysom_B_S_,Taysom B.S.
http://kg_sdm.org/Person/Tchoua_R_,Tchoua R.
http://kg_sdm.org/Person/Teichert_L_,Teichert L.
http://kg_sdm.org/Person/Tejada_Martínez_A_,Tejada-Martínez A.
http://kg_sdm.org/Person/Temizel_Sekeryan_S_,Temizel-Sekeryan S.
http://kg_sdm.org/Person/Teng_J_,Teng J.
http://kg_sdm.org/Person/Tensmeyer_C_,Tensmeyer C.
http://kg_sdm.org/Person/Tepalcapa_S_,Tepalcapa S.
http://kg_sdm.org/Person/Thacker_K_S_,Thacker K.S.
http://kg_sdm.org/Person/Thelin_C_,Thelin C.
http://kg_sdm.org/Person/Thomas_D_C_,Thomas D.C.
http://kg_sdm.org/Person/Thomas_J_,Thomas J.
http://kg_sdm.org/Person/Thomas_M_,Thomas M.
http://kg_sdm.org/Person/Thomas_S_M_,Thomas S.M.
http://kg_sdm.org/Person/Thompson_R_,Thompson R.
http://kg_sdm.org/Person/Thomson_S_L_,Thomson S.L.
http://kg_sdm.org/Person/Thurlow_C_A_,Thurlow C.A.
http://kg_sdm.org/Person/Tippmann_J_D_,Tippmann J.D.
http://kg_sdm.org/Person/Tobiasson_J_R_,Tobiasson J.R.
http://kg_sdm.org/Person/Toher_C_,Toher C.
http://kg_sdm.org/Person/Tolman_K_A_,Tolman K.A.
http://kg_sdm.org/Person/Tolman_S_,Tolman S.
http://kg_sdm.org/Person/Tovar_J_L_,Tovar J.L.
http://kg_sdm.org/Person/Transtrum_M_K_,Transtrum M.K.
http://kg_sdm.org/Person/Trapuzzano_M_,Trapuzzano M.
http://kg_sdm.org/Person/Trebino_R_,Trebino R.
http://kg_sdm.org/Person/Tree_D_R_,Tree D.R.
http://kg_sdm.org/Person/Troy_Blackburn_J_,Troy Blackburn J.
http://kg_sdm.org/Person/Tucker_A_L_,Tucker A.L.
http://kg_sdm.org/Person/Tueller_J_A_,Tueller J.A.
http://kg_sdm.org/Person/Turley_R_S_,Turley R.S.
http://kg_sdm.org/Person/Twitchell_A_,Twitchell A.
http://kg_sdm.org/Person/Ulrich_T_J_,Ulrich T.J.
http://kg_sdm.org/Person/Umer_R_,Umer R.
http://kg_sdm.org/Person/Unnikrishnan_V_,Unnikrishnan V.
http://kg_sdm.org/Person/Unrau_M_A_,Unrau M.A.
http://kg_sdm.org/Person/Upadhyay_P_,Upadhyay P.
http://kg_sdm.org/Person/Upchurch_W_,Upchurch W.
http://kg_sdm.org/Person/Valdoz_J_C_,Valdoz J.C.
http://kg_sdm.org/Person/Van_Ry_P_M_,Van Ry P.M.
http://kg_sdm.org/Person/Van_Steenberge_G_,Van Steenberge G.
http://kg_sdm.org/Person/Vance_A_,Vance A.
http://kg_sdm.org/Person/Vanfleet_R_,Vanfleet R.
http://kg_sdm.org/Person/Vasquez_D_,Vasquez D.
http://kg_sdm.org/Person/Vaterlaus_A_C_,Vaterlaus A.C.
http://kg_sdm.org/Person/Vaziripour_E_,Vaziripour E.
http://kg_sdm.org/Person/Ventura_D_,Ventura D.
http://kg_sdm.org/Person/Vernon_C_A_,Vernon C.A.
http://kg_sdm.org/Person/Viglione_M_,Viglione M.
http://kg_sdm.org/Person/Vilela_J_P_,Vilela J.P.
http://kg_sdm.org/Person/Villamizar_V_,Villamizar V.
http://kg_sdm.org/Person/Viswanathan_H_,Viswanathan H.
http://kg_sdm.org/Person/Vogel_S_C_,Vogel S.C.
http://kg_sdm.org/Person/Von_Moll_A_,Von Moll A.
http://kg_sdm.org/Person/Vosughi_A_,Vosughi A.
http://kg_sdm.org/Person/Wagoner_R_H_,Wagoner R.H.
http://kg_sdm.org/Person/Walker_Z_,Walker Z.
http://kg_sdm.org/Person/Wall_A_T_,Wall A.T.
http://kg_sdm.org/Person/Wall_T_,Wall T.
http://kg_sdm.org/Person/Wallace_J_W_,Wallace J.W.
http://kg_sdm.org/Person/Wallin_N_,Wallin N.
http://kg_sdm.org/Person/Walters_D_J_,Walters D.J.
http://kg_sdm.org/Person/Walton_P_,Walton P.
http://kg_sdm.org/Person/Wamick_K_,Wamick K.
http://kg_sdm.org/Person/Wan_J_,Wan J.
http://kg_sdm.org/Person/Wang_C__M_,Wang C.-M.
http://kg_sdm.org/Person/Wang_K__A_,Wang K.-A.
http://kg_sdm.org/Person/Wang_T_,Wang T.
http://kg_sdm.org/Person/Wang_W_,Wang W.
http://kg_sdm.org/Person/Wang_X_,Wang X.
http://kg_sdm.org/Person/Wang_Y_,Wang Y.
http://kg_sdm.org/Person/Ward_J_,Ward J.
http://kg_sdm.org/Person/Ware_M_,Ware M.
http://kg_sdm.org/Person/Warner_W_Y_,Warner W.Y.
http://kg_sdm.org/Person/Warnick_K_F_,Warnick K.F.
http://kg_sdm.org/Person/Warnick_S_,Warnick S.
http://kg_sdm.org/Person/Warr_C_,Warr C.
http://kg_sdm.org/Person/Warr_R_,Warr R.
http://kg_sdm.org/Person/Watt_G_D_,Watt G.D.
http://kg_sdm.org/Person/Watt_R_K_,Watt R.K.
http://kg_sdm.org/Person/Weaver_B_P_,Weaver B.P.
http://kg_sdm.org/Person/Weaver_J_L_,Weaver J.L.
http://kg_sdm.org/Person/Weaver_J_M_,Weaver J.M.
http://kg_sdm.org/Person/Webb_B_,Webb B.
http://kg_sdm.org/Person/Webb_B_W_,Webb B.W.
http://kg_sdm.org/Person/Webb_D_,Webb D.
http://kg_sdm.org/Person/Weber_K_S_,Weber K.S.
http://kg_sdm.org/Person/Weller_T_M_,Weller T.M.
http://kg_sdm.org/Person/Welling_A_G_,Welling A.G.
http://kg_sdm.org/Person/Wells_T_,Wells T.
http://kg_sdm.org/Person/Wen_S__J_,Wen S.-J.
http://kg_sdm.org/Person/Wendt_J_O_L_,Wendt J.O.L.
http://kg_sdm.org/Person/Westover_T_R_,Westover T.R.
http://kg_sdm.org/Person/Wheadon_J_,Wheadon J.
http://kg_sdm.org/Person/Wheeler_D_O_,Wheeler D.O.
http://kg_sdm.org/Person/White_J_H_,White J.H.
http://kg_sdm.org/Person/Whitehead_J_,Whitehead J.
http://kg_sdm.org/Person/Whitehead_J_P_,Whitehead J.P.
http://kg_sdm.org/Person/Whitty_K_J_,Whitty K.J.
http://kg_sdm.org/Person/Whitworth_C_B_,Whitworth C.B.
http://kg_sdm.org/Person/Wijaya_W_,Wijaya W.
http://kg_sdm.org/Person/Wilcox_E_,Wilcox E.
http://kg_sdm.org/Person/Wilding_K_M_,Wilding K.M.
http://kg_sdm.org/Person/Wilding_W_V_,Wilding W.V.
http://kg_sdm.org/Person/Wilkerson_J_W_,Wilkerson J.W.
http://kg_sdm.org/Person/Willenbacher_B_,Willenbacher B.
http://kg_sdm.org/Person/Willett_S_G_,Willett S.G.
http://kg_sdm.org/Person/Willey_L_C_,Willey L.C.
http://kg_sdm.org/Person/Williams_J_L_,Williams J.L.
http://kg_sdm.org/Person/Williams_T_,Williams T.
http://kg_sdm.org/Person/Willis_J_,Willis J.
http://kg_sdm.org/Person/Willmore_D_,Willmore D.
http://kg_sdm.org/Person/Wilson_A_E_,Wilson A.E.
http://kg_sdm.org/Person/Wilson_A_T_,Wilson A.T.
http://kg_sdm.org/Person/Wilson_B_,Wilson B.
http://kg_sdm.org/Person/Wilson_J_P_,Wilson J.P.
http://kg_sdm.org/Person/Wilson_M_E_,Wilson M.E.
http://kg_sdm.org/Person/Wilson_P_S_,Wilson P.S.
http://kg_sdm.org/Person/Wilton_S_J_E_,Wilton S.J.E.
http://kg_sdm.org/Person/Wingate_D_W_,Wingate D.W.
http://kg_sdm.org/Person/Wirthlin_M_,Wirthlin M.
http://kg_sdm.org/Person/Wnorowska_U_,Wnorowska U.
http://kg_sdm.org/Person/Wong_R_,Wong R.
http://kg_sdm.org/Person/Wood_A_E_,Wood A.E.
http://kg_sdm.org/Person/Wood_C_M_,Wood C.M.
http://kg_sdm.org/Person/Wood_D_,Wood D.
http://kg_sdm.org/Person/Wood_R_L_,Wood R.L.
http://kg_sdm.org/Person/Woodbury_N_,Woodbury N.
http://kg_sdm.org/Person/Woodfield_B_F_,Woodfield B.F.
http://kg_sdm.org/Person/Woolley_A_T_,Woolley A.T.
http://kg_sdm.org/Person/Wright_J_G_,Wright J.G.
http://kg_sdm.org/Person/Wright_L_,Wright L.
http://kg_sdm.org/Person/Wu_F_,Wu F.
http://kg_sdm.org/Person/Wu_J_,Wu J.
http://kg_sdm.org/Person/Wu_J__T_,Wu J.-T.
http://kg_sdm.org/Person/Wu_R_,Wu R.
http://kg_sdm.org/Person/Wyatt_Clegg_B_,Wyatt Clegg B.
http://kg_sdm.org/Person/Wynn_J_S_,Wynn J.S.
http://kg_sdm.org/Person/Xi_L_,Xi L.
http://kg_sdm.org/Person/Xia_T_,Xia T.
http://kg_sdm.org/Person/Xiao_M_,Xiao M.
http://kg_sdm.org/Person/Xiao_Q_,Xiao Q.
http://kg_sdm.org/Person/Xu_B_,Xu B.
http://kg_sdm.org/Person/Xu_Y_,Xu Y.
http://kg_sdm.org/Person/Xuan_J_,Xuan J.
http://kg_sdm.org/Person/Xue_M_,Xue M.
http://kg_sdm.org/Person/Yang_X_,Yang X.
http://kg_sdm.org/Person/Yang_Y_,Yang Y.
http://kg_sdm.org/Person/Yang_Z_,Yang Z.
http://kg_sdm.org/Person/Yekan_T_,Yekan T.
http://kg_sdm.org/Person/Ynchausti_C_,Ynchausti C.
http://kg_sdm.org/Person/Yong_A_,Yong A.
http://kg_sdm.org/Person/Youn_C_C_,Youn C.C.
http://kg_sdm.org/Person/Young_A_,Young A.
http://kg_sdm.org/Person/Yu_M_,Yu M.
http://kg_sdm.org/Person/Zadegan_R_M_,Zadegan R.M.
http://kg_sdm.org/Person/Zappala_D_,Zappala D.
http://kg_sdm.org/Person/Zaremba_S_,Zaremba S.
http://kg_sdm.org/Person/Zephirin_T_,Zephirin T.
http://kg_sdm.org/Person/Zhang_D_,Zhang D.
http://kg_sdm.org/Person/Zhang_F_,Zhang F.
http://kg_sdm.org/Person/Zhang_M_,Zhang M.
http://kg_sdm.org/Person/Zhang_X_,Zhang X.
http://kg_sdm.org/Person/Zhang_Y_,Zhang Y.
http://kg_sdm.org/Person/Zhao_D_,Zhao D.
http://kg_sdm.org/Person/Zhao_E_L_,Zhao E.L.
http://kg_sdm.org/Person/Zhao_R_,Zhao R.
http://kg_sdm.org/Person/Zhao_W_,Zhao W.
http://kg_sdm.org/Person/Zheng_S_,Zheng S.
http://kg_sdm.org/Person/Zhirnov_V_V_,Zhirnov V.V.
http://kg_sdm.org/Person/Zhou_G_,Zhou G.
http://kg_sdm.org/Person/Zhou_Z_,Zhou Z.
http://kg_sdm.org/Person/Zhu_B_,Zhu B.
http://kg_sdm.org/Person/Zhu_Y_,Zhu Y.
http://kg_sdm.org/Person/Zhuang_H_,Zhuang H.
http://kg_sdm.org/Person/Ziaee_M_,Ziaee M.
http://kg_sdm.org/Person/Ziegmann_G_,Ziegmann G.
http://kg_sdm.org/Person/Zobell_B_,Zobell B.
http://kg_sdm.org/Person/Zoltowski_C_B_,Zoltowski C.B.
http://kg_sdm.org/Person/Zou_Z_,Zou Z.
http://kg_sdm.org/Person/Zunino_J_L_,Zunino J.L.
http://kg_sdm.org/Person/de_Moura_Oliveira_P_B_,de Moura Oliveira P.B.
http://kg_sdm.org/Person/von_Lockette_P_,von Lockette P.
http://kg_sdm.org/Person/Švenda_V_G_,Švenda V.G.
